{
	"a2Personal" : {
		"myFullName" : "",
		"sheridanID" :  99,
		"sheridanLogin" : "",
		"sheridanProgram" : "Computer Programming",
		"sheridanEmail" : "@sheridancollege.ca"
	},	
	"myBooks" : [
		{"authorName" : "", "bookTitle" : "", "published" :0 },
		{"authorName" : "", "bookTitle" : "", "published" :1 },
		{"authorName" : "", "bookTitle" : "", "published" :1 },
		{"authorName" : "", "bookTitle" : "", "published" :9},
		{"authorName" : "", "bookTitle" : "", "published" :7 }	
	],
	"campusData" : [
		{"campus" : "Davis", "street" : "7899 McLaughlin Blvd", "city" : "Brampton"},
		{"campus" : "HMC", "street" : "4180 Duke of York Blvd", "city" : "Mississauga"},
		{"campus" : "Trafalgar", "street" : "1430 Trafalgar Road", "city" : "Oakville"}
	]
}