{
	"a2Personal" : {
		"myFullName" : "Sachin Duhan",
		"sheridanID" :  991701782,
		"sheridanLogin" : "duhans",
		"sheridanProgram" : "Computer Programming",
		"sheridanEmail" : "duhans@sheridancollege.ca"
	},	
	"myBooks" : [
		{"authorName" : "Jane Austen", "bookTitle" : "Persuasion", "published" :1817 },
		{"authorName" : "Wilkie Collins", "bookTitle" : "The Woman in White", "published" :1859 },
		{"authorName" : "J. R. R. Tolkien", "bookTitle" : "The Hobbit", "published" :1937 },
		{"authorName" : "Mary Shelly", "bookTitle" : "Frankenstein", "published" : 1818},
		{"authorName" : "Emily Bronte", "bookTitle" : "Wuthering Heights", "published" :1847 }	
	],
	"campusData" : [
		{"campus" : "Davis", "street" : "7899 McLaughlin Blvd", "city" : "Brampton"},
		{"campus" : "HMC", "street" : "4180 Duke of York Blvd", "city" : "Mississauga"},
		{"campus" : "Trafalgar", "street" : "1430 Trafalgar Road", "city" : "Oakville"}
	]
}